{
    "train_loss": [
        0.6154659390449524,
        0.6087362170219421,
        0.5977661609649658,
        0.5838556885719299,
        0.57415771484375,
        0.5602144002914429,
        0.5120530724525452,
        0.5221986770629883,
        0.494168758392334,
        0.49187248945236206,
        0.5106000304222107,
        0.49597060680389404,
        0.5096684098243713,
        0.5022685527801514,
        0.47386154532432556,
        0.47840437293052673,
        0.5059913396835327,
        0.5000817775726318,
        0.46959084272384644,
        0.5009908676147461,
        0.504282534122467,
        0.46858924627304077,
        0.47264108061790466,
        0.48250141739845276,
        0.4701700806617737,
        0.49931812286376953,
        0.4635516405105591,
        0.5002687573432922,
        0.4635258615016937,
        0.4959067702293396,
        0.47532516717910767,
        0.4967888593673706,
        0.49332648515701294,
        0.4648993909358978,
        0.4875342845916748,
        0.496019184589386,
        0.4870089888572693,
        0.4972953200340271,
        0.4763951003551483,
        0.46038705110549927,
        0.46054911613464355,
        0.49672380089759827,
        0.4694305956363678,
        0.48261529207229614,
        0.49561089277267456,
        0.4777730703353882,
        0.4662240147590637,
        0.45904821157455444,
        0.49027496576309204,
        0.47972381114959717,
        0.4891210198402405,
        0.46773070096969604,
        0.4882853925228119,
        0.4951890707015991,
        0.4871443808078766,
        0.4619198441505432,
        0.49062901735305786,
        0.48475658893585205,
        0.4588084816932678,
        0.4587857127189636,
        0.474202960729599,
        0.4932529926300049,
        0.4949801564216614,
        0.4681359529495239,
        0.4941350221633911,
        0.4925103783607483,
        0.4947275221347809,
        0.4699133038520813,
        0.4653961658477783,
        0.4755876660346985,
        0.4586109519004822,
        0.4927252531051636,
        0.49289000034332275,
        0.4624471366405487,
        0.4945789575576782,
        0.48995038866996765,
        0.48932433128356934,
        0.4736022353172302,
        0.49466800689697266,
        0.4625164568424225
    ],
    "val_loss": [
        0.6154659390449524,
        0.6087362170219421,
        0.5977661609649658,
        0.5838556885719299,
        0.57415771484375,
        0.5602144002914429,
        0.5120530724525452,
        0.5221986770629883,
        0.494168758392334,
        0.49187248945236206,
        0.5106000304222107,
        0.49597060680389404,
        0.5096684098243713,
        0.5022685527801514,
        0.47386154532432556,
        0.47840437293052673,
        0.5059913396835327,
        0.5000817775726318,
        0.46959084272384644,
        0.5009908676147461,
        0.504282534122467,
        0.46858924627304077,
        0.47264108061790466,
        0.48250141739845276,
        0.4701700806617737,
        0.49931812286376953,
        0.4635516405105591,
        0.5002687573432922,
        0.4635258615016937,
        0.4959067702293396,
        0.47532516717910767,
        0.4967888593673706,
        0.49332648515701294,
        0.4648993909358978,
        0.4875342845916748,
        0.496019184589386,
        0.4870089888572693,
        0.4972953200340271,
        0.4763951003551483,
        0.46038705110549927,
        0.46054911613464355,
        0.49672380089759827,
        0.4694305956363678,
        0.48261529207229614,
        0.49561089277267456,
        0.4777730703353882,
        0.4662240147590637,
        0.45904821157455444,
        0.49027496576309204,
        0.47972381114959717,
        0.4891210198402405,
        0.46773070096969604,
        0.4882853925228119,
        0.4951890707015991,
        0.4871443808078766,
        0.4619198441505432,
        0.49062901735305786,
        0.48475658893585205,
        0.4588084816932678,
        0.4587857127189636,
        0.474202960729599,
        0.4932529926300049,
        0.4949801564216614,
        0.4681359529495239,
        0.4941350221633911,
        0.4925103783607483,
        0.4947275221347809,
        0.4699133038520813,
        0.4653961658477783,
        0.4755876660346985,
        0.4586109519004822,
        0.4927252531051636,
        0.49289000034332275,
        0.4624471366405487,
        0.4945789575576782,
        0.48995038866996765,
        0.48932433128356934,
        0.4736022353172302,
        0.49466800689697266,
        0.4625164568424225
    ],
    "val_auc": [
        0.0,
        0.0,
        0.0,
        0.0,
        0.0,
        0.0,
        0.0,
        0.0,
        0.0,
        0.0,
        0.0,
        0.0,
        0.0,
        0.0,
        0.0,
        0.0,
        0.0,
        0.0,
        0.0,
        0.0,
        0.0,
        0.0,
        0.0,
        0.0,
        0.0,
        0.0,
        0.0,
        0.0,
        0.0,
        0.0,
        0.0,
        0.0,
        0.0,
        0.0,
        0.0,
        0.0,
        0.0,
        0.0,
        0.0,
        0.0,
        0.0,
        0.0,
        0.0,
        0.0,
        0.0,
        0.0,
        0.0,
        0.0,
        0.0,
        0.0,
        0.0,
        0.0,
        0.0,
        0.0,
        0.0,
        0.0,
        0.0,
        0.0,
        0.0,
        0.0,
        0.0,
        0.0,
        0.0,
        0.0,
        0.0,
        0.0,
        0.0,
        0.0,
        0.0,
        0.0,
        0.0,
        0.0,
        0.0,
        0.0,
        0.0,
        0.0,
        0.0,
        0.0,
        0.0,
        0.0
    ]
}